FIR_No,PS_Name,Latitude,Longitude
50,ADARSH NAGAR,28.71101,77.17322
104,ADARSH NAGAR,28.71173,77.17927
141,ADARSH NAGAR,28.71192,77.17893
192,ADARSH NAGAR,28.71689,77.16998
295,ADARSH NAGAR,28.72519,77.18262
818,ADARSH NAGAR,28.71013,77.17633
935,Ali Pur,28.793701,77.143647
29,ALIPUR,28.82635,77.14689
40,ALIPUR,28.85762,77.09729
69,ALIPUR,28.85225,77.12703
108,ALIPUR,28.77193,77.14156
142,ALIPUR,28.82571,77.11095
689,ALIPUR,28.77189,77.14228
4,ALIPUR,28.81038,77.13631
6,ALIPUR,28.81534,77.16261
99,ALIPUR,28.79423,77.14391
109,ALIPUR,28.82599,77.13157
145,ALIPUR,28.79716,77.13312
376,ALIPUR,28.78910,77.14132
428,ALIPUR,28.82139,77.17283
555,ALIPUR,28.80722,77.14046
579,ALIPUR,28.80355,77.14421
591,ALIPUR,28.75351,77.14836
603,ALIPUR,28.81028,77.13699
649,ALIPUR,28.75359,77.11553
709,ALIPUR,28.78261,77.14149
713,ALIPUR,28.84318,77.15399
765,ALIPUR,28.80588,77.12810
780,ALIPUR,28.78899,77.14135
840,ALIPUR,28.83314,77.13036
857,ALIPUR,28.84469,77.12691
907,ALIPUR,28.84585,77.12688
941,ALIPUR,28.85238,77.12939
1082,ALIPUR,28.85220,77.12591
1126,ALIPUR,28.77402,77.14306
113,AMAN VIHAR,28.74171,77.04581
332,AMAN VIHAR,28.70075,77.05506
356,AMAN VIHAR,28.69921,77.07035
492,AMAN VIHAR,28.70755,77.07310
605,AMAN VIHAR,28.71061,77.06426
4,AMAR COLONY,28.55613,77.24389
49,AMAR COLONY,28.56143,77.24360
243,AMAR COLONY,28.56176,77.24992
366,AMAR COLONY,28.55919,77.26207
25,ANAND PARBAT,28.65976,77.16942
374,ANAND PARBAT,28.66163,77.17755
419,ANAND PARBAT,28.66785,77.16467
414,Anand Parbat,28.662614,77.182038
118,ANAND VIHAR,28.65599,77.30652
54,ANAND VIHAR,28.65571,77.30625
195,ANAND VIHAR,28.64034,77.31533
215,ANAND VIHAR,28.64594,77.31756
167,ANAND VIHAR,28.65951,77.31919
322,ANAND VIHAR,28.64415,77.29892
28,ASHOK VIHAR,28.69623,77.17901
54,ASHOK VIHAR,28.70191,77.16481
414,ASHOK VIHAR,28.70091,77.16143
427,ASHOK VIHAR,28.69623,77.17901
444,ASHOK VIHAR,28.70068,77.16776
496,ASHOK VIHAR,28.70029,77.15942
592,ASHOK VIHAR,28.69664,77.16140
703,ASHOK VIHAR,28.70006,77.16678
456,Ashok Vihar,28.531115,77.270042
37,BABA HARIDAS NAGAR,28.61914,76.97420
49,BABA HARIDAS NAGAR,28.61469,76.97759
58,BABA HARIDAS NAGAR,28.66776,76.94130
100,BABA HARIDAS NAGAR,28.64930,76.95427
102,BABA HARIDAS NAGAR,28.63848,76.96100
147,BABA HARIDAS NAGAR,28.68168,77.06743
222,BABA HARIDAS NAGAR,28.62385,76.97033
228,BABA HARIDAS NAGAR,28.60555,76.96359
235,BABA HARIDAS NAGAR,28.61452,76.98120
309,BABA HARIDAS NAGAR,28.68136,77.07578
382,BABA HARIDAS NAGAR,28.64248,76.95837
399,BABA HARIDAS NAGAR,28.61913,76.97406
416,BABA HARIDAS NAGAR,28.60902,76.96464
429,BABA HARIDAS NAGAR,28.61099,76.98662
438,BABA HARIDAS NAGAR,28.63461,76.95719
472,BABA HARIDAS NAGAR,28.61042,76.97176
498,BABA HARIDAS NAGAR,28.61308,76.97585
502,BABA HARIDAS NAGAR,28.61921,76.97425
508,BABA HARIDAS NAGAR,28.61143,76.97504
510,BABA HARIDAS NAGAR,28.61840,76.96532
526,BABA HARIDAS NAGAR,28.61055,76.94120
616,BABA HARIDAS NAGAR,28.63885,76.96056
79,BADAR PUR,28.49638,77.30254
117,BADAR PUR,28.49897,77.30029
122,BADAR PUR,28.49954,77.29941
207,BADAR PUR,28.49399,77.30352
490,BADAR PUR,28.54170,77.16185
592,BADAR PUR,28.49071,77.30411
636,BADAR PUR,28.50274,77.29976
639,BADAR PUR,28.50943,77.29899
657,BADAR PUR,28.51176,77.29808
148,BARA HINDU RAO,28.66290,77.21467
131,BARAKHAMBA ROAD,28.61921,77.22742
12,BAWANA,28.78247,77.04296
25,BAWANA,28.79057,77.05224
131,BAWANA,28.79458,77.04764
153,BAWANA,28.79451,77.04472
187,BAWANA,28.79110,77.05157
225,BAWANA,28.78299,77.04768
248,BAWANA,28.76922,77.04748
250,BAWANA,28.79914,77.05425
302,BAWANA,28.73760,77.00746
310,BAWANA,28.83119,77.00553
371,BAWANA,28.81606,77.00753
395,BAWANA,28.77868,77.02142
514,BAWANA,28.77800,77.02110
637,BAWANA,28.77910,77.04428
755,BAWANA,28.77562,77.04725
874,BAWANA,28.79015,77.05787
913,BAWANA,28.80411,77.02806
987,BAWANA,28.78231,77.05433
137,BEGUM PUR,28.72880,77.07325
158,BEGUM PUR,28.76276,76.96741
281,BEGUM PUR,28.72683,77.06442
425,BEGUM PUR,28.72852,77.09520
506,BEGUM PUR,28.73099,77.08731
578,BEGUM PUR,28.73108,77.07841
475,BegumPur,28.71552,77.05729
266,BHAJAN PURA,28.69693,77.26612
415,BHAJAN PURA,28.69880,77.27192
28,BHALASWA DAIRY,28.75024,77.17143
40,BHALASWA DAIRY,28.75184,77.17000
53,BHALASWA DAIRY,28.73642,77.15480
100,BHALASWA DAIRY,28.73737,77.15455
110,BHALASWA DAIRY,28.74632,77.15711
255,BHALASWA DAIRY,28.74902,77.16034
294,BHALASWA DAIRY,28.73767,77.15442
338,BHALASWA DAIRY,28.73700,77.16898
600,BHALASWA DAIRY,28.73712,77.16063
691,BHALASWA DAIRY,28.75134,77.14783
363,BHALASWA DAIRY,28.74043,77.17123
727,BHALASWA DAIRY,28.75263,77.14981
109,BHARAT NAGAR,28.67854,77.17690
515,BHARAT NAGAR,28.68976,77.18398
693,BHARAT NAGAR,28.68634,77.18279
679,Bharat Nagar,28.67919,77.17205
105,BINDA PUR,28.62005,77.03863
449,BINDA PUR,28.61963,77.03579
453,BINDA PUR,28.62020,77.04167
470,BINDA PUR,28.62088,77.05124
297,BUDH VIHAR,28.71961,77.10725
319,BUDH VIHAR,28.71086,77.107094
3,BURARI,28.74903,77.19850
55,BURARI,28.75170,77.19874
157,BURARI,28.74955,77.19857
159,BURARI,28.72866,77.19779
187,BURARI,28.75544,77.19757
198,BURARI,28.72896,77.19660
772,BURARI,28.72847,77.18939
784,BURARI,28.73045,77.18993
2,CHANAKYA PURI,28.60198,77.18071
89,CHANAKYA PURI,28.61603,77.17554
107,CHANAKYA PURI,28.58561,77.19205
124,CHANAKYA PURI,28.60771,77.19379
117,CHANAKYA PURI,28.59620,77.19942
153,CHANAKYA PURI,28.60980,77.19123
25,CHHAWALA,28.52909,77.00496
6,CHHAWALA,28.55869,76.93906
44,CHHAWALA,28.56138,77.00197
58,CHHAWALA,28.57793,77.00871
79,CHHAWALA,28.60430,76.97629
80,CHHAWALA,28.53482,76.90366
198,CHHAWALA,28.61468,77.02835
285,CHHAWALA,28.52028,76.96639
342,CHHAWALA,28.52142,76.96517
530,CHHAWALA,28.59513,76.99317
551,CHHAWALA,28.57236,76.98083
271,CHITRANJAN PARK,28.54166,77.23122
26,CHITRANJAN PARK,28.53525,77.20938
136,CHITRANJAN PARK,28.53412,77.24409
237,CHITRANJAN PARK,28.53991,77.24864
245,CHITRANJAN PARK,28.54345,77.24633
309,CHITRANJAN PARK,28.53726,77.25394
37,CIVIL LINES,28.67821,77.22180
66,CIVIL LINES,28.68185,77.22907
79,CIVIL LINES,28.67483,77.22552
98,CIVIL LINES,28.68498,77.21646
244,CIVIL LINES,28.68660,77.22178
302,CIVIL LINES,28.67277,77.22092
240,CIVIL LINES,28.66692,77.21793
414,CIVIL LINES,28.68015,77.22953
426,CIVIL LINES,28.51393,77.11739
428,CIVIL LINES,28.67427,77.21679
250,CIVIL LINES,28.67391,77.21615
347,CIVIL LINES,28.67312,77.23096
422,CIVIL LINES,28.69411,77.22765
13,CONNAUGHT PLACE,28.62377,77.21911
139,CONNAUGHT PLACE,28.62696,77.21939
146,CONNAUGHT PLACE,28.63470,77.21622
170,CONNAUGHT PLACE,28.62925,77.21344
189,CONNAUGHT PLACE,28.63494,77.21981
22,DABRI,28.61759,77.07780
234,DABRI,28.61126,77.08435
399,DABRI,28.61656,77.09013
547,DABRI,28.60378,77.08284
752,DABRI,28.61277,77.08675
779,DABRI,28.60944,77.08287
865,DABRI,28.60540,77.07321
940,DABRI,28.70839,77.13520
1013,DABRI,28.61072,77.08400
1083,DABRI,28.61146,77.07645
115,DARYA GANJ,28.63993,77.25726
181,DARYA GANJ,28.64210,77.25275
231,DARYA GANJ,28.66285,77.23709
234,DARYA GANJ,28.65573,77.23991
337,DARYA GANJ,28.65078,77.245069
340,DARYA GANJ,28.65210,77.23806
436,DARYA GANJ,28.63989,77.25752
521,DARYA GANJ,28.65076,77.24509
231,DAYAL PUR,28.70261,77.27593
251,DAYAL PUR,28.70368,77.26061
125,DAYAL PUR,28.70779,77.27666
144,DAYAL PUR,28.71678,77.26466
32,DEFENCE COLONY,28.57278,77.20557
30,DEFENCE COLONY,28.55698,77.22947
138,DEFENCE COLONY,28.55554,77.19440
10,DELHI CANNT,28.57326,77.16115
15,DELHI CANNT,28.59516,77.16276
31,DELHI CANNT,28.57889,77.09920
40,DELHI CANNT,28.58073,77.15904
53,DELHI CANNT,28.59199,77.16023
70,DELHI CANNT,28.59229,77.16092
84,DELHI CANNT,28.56005,77.17055
85,DELHI CANNT,28.55987,77.17061
93,DELHI CANNT,28.57404,77.15247
97,DELHI CANNT,28.58713,77.08632
148,DELHI CANNT,28.58399,77.13640
175,DELHI CANNT,28.58075,77.14362
204,DELHI CANNT,28.57858,77.10556
240,DELHI CANNT,28.59407,77.16584
244,DELHI CANNT,28.61297,77.02963
258,DELHI CANNT,28.56002,77.17047
274,DELHI CANNT,28.57680,77.11130
288,DELHI CANNT,28.58455,77.15957
290,DELHI CANNT,28.58003,77.13879
298,DELHI CANNT,28.57034,77.13365
41,DELHI CANNT,28.54629,77.05933
36,DELHI CANNT,28.60800,77.14083
338,DELHI CANNT,28.57972,77.14480
365,DELHI CANNT,28.57917,77.14476
366,DELHI CANNT,28.57656,77.11311
369,DELHI CANNT,28.58820,77.15132
371,DELHI CANNT,28.59437,77.16666
373,DELHI CANNT,28.59591,77.16921
375,DELHI CANNT,28.59860,77.16357
345,Delhi Cantt.,28.59941,77.12477
351,Delhi Cantt.,28.56713,77.127797
63,DESH BANDHU GUPTA RD,28.64573,77.15111
93,DESH BANDHU GUPTA RD,28.65977,77.19428
271,DESH BANDHU GUPTA RD,28.64886,77.19255
379,DESH BANDHU GUPTA RD,28.65617,77.19826
179,DESH BANDHU GUPTA RD,28.66116,77.20420
482,DESH BANDHU GUPTA RD,28.65303,77.19234
495,DESH BANDHU GUPTA RD,28.65901,77.19149
4,DHAULA KUAN(SOUTH CAMPUS),28.58998,77.16686
18,DHAULA KUAN(SOUTH CAMPUS),28.57928,77.17566
91,DHAULA KUAN(SOUTH CAMPUS),28.57971,77.17538
110,DHAULA KUAN(SOUTH CAMPUS),28.58607,77.17179
121,DHAULA KUAN(SOUTH CAMPUS),28.58065,77.17495
130,DR AMBEDKAR NAGAR,28.51855,77.22554
159,DR AMBEDKAR NAGAR,28.52746,77.23189
291,DR AMBEDKAR NAGAR,28.52433,77.22799
364,DR AMBEDKAR NAGAR,28.51511,77.22912
536,DR AMBEDKAR NAGAR,28.52788,77.24882
29,DWARKA,28.58021,77.02041
95,DWARKA,28.58449,77.04685
109,DWARKA,28.58637,77.04949
329,DWARKA,28.58269,77.03811
367,DWARKA,28.55499,77.05933
110,DWARKA,28.55427,77.05036
477,DWARKA,28.57778,77.05110
4,DWARKA NORTH,28.60180,77.04232
6,DWARKA NORTH,28.59972,77.04322
26,DWARKA NORTH,28.61837,77.02722
73,DWARKA NORTH,28.60824,77.03511
102,DWARKA NORTH,28.61557,77.02720
109,DWARKA NORTH,28.60084,77.02000
120,DWARKA NORTH,28.59361,77.04567
227,DWARKA NORTH,28.59347,77.04322
597,DWARKA NORTH,28.59760,77.03694
637,DWARKA NORTH,28.60751,77.05157
776,DWARKA NORTH,28.60445,77.05449
811,DWARKA NORTH,28.60634,77.02270
813,DWARKA NORTH,28.60291,77.02355
834,DWARKA NORTH,28.58435,77.03192
835,DWARKA NORTH,28.60504,77.04805
94,DWARKA SOUTH,28.59157,77.05773
158,DWARKA SOUTH,28.59188,77.04844
246,DWARKA SOUTH,28.59989,77.06115
458,DWARKA SOUTH,28.58510,77.07130
483,DWARKA SOUTH,28.57323,77.06390
118,DWARKA SOUTH,28.60260,77.07023
308,DWARKA SOUTH,28.59971,77.06498
620,DWARKA SOUTH,28.59498,77.07126
5,FARSH BAZAR,28.66737,77.29738
49,FATEHPUR BERI,28.44959,77.18435
69,FATEHPUR BERI,28.47977,77.15954
88,FATEHPUR BERI,28.49373,77.14912
113,FATEHPUR BERI,28.49230,77.14582
168,FATEHPUR BERI,28.43976,77.17227
323,FATEHPUR BERI,28.44755,77.18252
360,FATEHPUR BERI,28.45486,77.18366
369,FATEHPUR BERI,28.49708,77.15657
379,FATEHPUR BERI,28.49612,77.16556
420,FATEHPUR BERI,28.49014,77.14015
448,FATEHPUR BERI,28.49874,77.16003
456,FATEHPUR BERI,28.47109,77.18707
501,FATEHPUR BERI,28.50392,77.17203
515,FATEHPUR BERI,28.45494,77.17384
517,FATEHPUR BERI,28.48788,77.13541
538,FATEHPUR BERI,28.52381,77.17168
2,GAJI PUR,28.63305,77.32361
21,GAJI PUR,28.61506,77.32359
28,GAJI PUR,28.62401,77.33700
65,GAJI PUR,28.62710,77.31787
79,GAJI PUR,28.62194,77.32456
151,GAJI PUR,28.60946,77.32998
196,GAJI PUR,28.61723,77.32189
482,GAJI PUR,28.63026,77.32801
607,GAJI PUR,28.61518,77.32362
626,GAJI PUR,28.63172,77.32419
399,GAJIPUR,28.62049,77.32048
84,GANDHI NAGAR,28.66585,77.26681
318,GANDHI NAGAR,28.66909,77.26570
342,GANDHI NAGAR,28.66252,77.25875
360,GANDHI NAGAR,28.66418,77.25627
15,GEETA COLONY,28.65469,77.26429
33,GEETA COLONY,28.64565,77.27797
83,GEETA COLONY,28.65165,77.26727
346,GEETA COLONY,28.65228,77.26832
578,GEETA COLONY,28.62831,77.25140
674,GEETA COLONY,28.65166,77.26738
502,GEETA COLONY,28.65230,77.26900
497,Ghazipur,28.629235,77.322914
83,GOKAL PURI,28.70250,77.27425
90,GOKAL PURI,28.70217,77.27881
206,GOKAL PURI,28.69801,77.29168
256,GOKAL PURI,28.70106,77.29142
31,GOVIND PURI,28.52365,77.25591
79,GREATER KAILASH,28.53870,77.23203
248,GREATER KAILASH,28.54875,77.22850
256,GREATER KAILASH,28.53995,77.23207
294,GREATER KAILASH,28.54157,77.23962
86,GTB ENCLAVE,28.67596,77.31271
152,GTB ENCLAVE,28.67592,77.30734
180,GTB ENCLAVE,28.67594,77.30733
186,GTB ENCLAVE,28.68275,77.31215
392,GTB ENCLAVE,28.67565,77.30025
420,GTB ENCLAVE,28.67599,77.31193
70,GULABI BAGH,28.67919,77.19352
74,GULABI BAGH,28.66652,77.19891
271,GULABI BAGH,28.67124,77.19407
255,GULABI BAGH,28.66642,77.20007
59,HARI NAGAR,28.60067,77.10306
73,HARI NAGAR,28.62364,77.09783
519,HARI NAGAR,28.63137,77.08643
13,HARI NAGAR,28.62501,77.10739
627,HARI NAGAR,28.61952,77.10442
685,HARI NAGAR,28.62430,77.09959
298,HARSH VIHAR,28.70144,77.30632
1,HAUZ KHAS,28.54598,77.20202
72,HAUZ KHAS,28.54595,77.20210
75,HAUZ KHAS,28.54287,77.21760
266,HAUZ KHAS,28.54259,77.22084
307,HAUZ KHAS,28.54255,77.22027
370,HAUZ KHAS,28.56251,77.22317
311,HauzKhas,28.542651,77.220491
155,HAZRAT NIZAMUDDIN,28.59218,77.24011
5,HAZRAT NIZAMUDDIN,28.58287,77.25122
167,HAZRAT NIZAMUDDIN,28.58423,77.25008
179,HAZRAT NIZAMUDDIN,28.59323,77.25291
314,HAZRAT NIZAMUDDIN,28.59326,77.24312
262,HAZRAT NIZAMUDDIN,28.59299,77.24393
258,I.G.I AIR PORT,28.55688,77.08547
23,I.P. ESTATE,28.66120,77.09101
33,I.P. ESTATE,28.63308,77.24100
134,I.P. ESTATE,28.62709,77.24667
66,I.P. ESTATE,28.62840,77.23826
306,I.P. ESTATE,28.63247,77.24671
309,I.P. ESTATE,28.61474,77.25040
381,I.P. ESTATE,28.62117,77.24842
385,I.P. ESTATE,28.63132,77.24686
44,INDER PURI,28.62375,77.15701
45,INDER PURI,28.63723,77.14663
62,INDER PURI,28.62302,77.15810
304,INDER PURI,28.63419,77.16774
320,INDER PURI,28.62992,77.16681
386,INDER PURI,28.63355,77.17376
435,INDER PURI,28.63076,77.16900
307,INDER PURI,28.62657,77.15333
351,Inder Puri,28.63589,77.18099
3,JAFFAR PUR,28.62336,76.92034
4,JAFFAR PUR,28.59512,76.91543
5,JAFFAR PUR,28.59477,76.87772
6,JAFFAR PUR,28.55515,76.86359
21,JAFFAR PUR,28.55207,76.91301
145,JAFFAR PUR,28.53581,76.86815
149,JAFFAR PUR,28.59487,76.91366
26,JAFFAR PUR,28.52084,76.90018
22,Jaffarpur Kalan,28.562272,76.8433
0039,Jaffarpur Kalan,28.595304,76.915457
0095,Jaffarpur Kalan,28.597287,76.870216
101,Jaffarpur Kalan,28.595755,76.915559
110,Jaffarpur Kalan,28.59518,76.915379
25,JAGAT PURI,28.65929,77.28753
247,JAGAT PURI,28.64488,77.29828
498,JAGAT PURI,28.65320,77.28061
108,JAHANGIR PURI,28.73552,77.17307
121,JAHANGIR PURI,28.73131,77.18675
158,JAHANGIR PURI,28.73206,77.18082
167,JAHANGIR PURI,28.73665,77.15930
193,JAHANGIR PURI,28.73511,77.17424
198,JAHANGIR PURI,28.73665,77.15930
222,JAHANGIR PURI,28.73346,77.17921
226,JAHANGIR PURI,28.72785,77.14283
358,JAHANGIR PURI,28.73435,77.17678
366,JAHANGIR PURI,28.73644,77.17062
540,JAHANGIR PURI,28.73552,77.17307
590,JAHANGIR PURI,28.73513,77.15613
598,JAHANGIR PURI,28.72223,77.14084
605,JAHANGIR PURI,28.72138,77.10560
750,JAHANGIR PURI,28.73088,77.14174
806,JAHANGIR PURI,28.73680,77.16968
328,JAHANGIR PURI,28.72988,77.17088
480,JAHANGIR PURI,28.72796,77.17894
759,JAHANGIR PURI,28.72965,77.17310
782,JAHANGIR PURI,28.73134,77.18205
796,JAHANGIR PURI,28.71894,77.17006
825,JAHANGIR PURI,28.72903,77.16625
866,JAHANGIR PURI,28.70915,77.13577
879,JAHANGIR PURI,28.73234,77.18281
893,JAHANGIR PURI,28.73493,77.17823
895,JAHANGIR PURI,28.73126,77.18595
859,Jahangir Puri,28.734821,77.174967
74,JAIT PUR,28.48783,77.31681
329,JAIT PUR,28.50588,77.31484
489,JAIT PUR,28.54884,77.30433
528,JAIT PUR,28.50896,77.34035
290,JAMA MASJID,28.64986,77.23283
2,JANAK PURI,28.62001,77.08556
26,JANAK PURI,28.61346,77.08726
37,JANAK PURI,28.61429,77.08703
112,JANAK PURI,28.62017,77.07567
128,JANAK PURI,28.61792,77.07721
338,JANAK PURI,28.61322,77.08750
440,JANAK PURI,28.61372,77.08625
450,JANAK PURI,28.61906,77.07526
535,JANAK PURI,28.61385,77.08648
536,JANAK PURI,28.61551,77.09322
584,JANAK PURI,28.62248,77.08781
123,JYOTI NAGAR,28.69437,77.30860
257,JYOTI NAGAR,28.70079,77.29408
287,JYOTI NAGAR,28.70143,77.28624
398,JYOTI NAGAR,28.69003,77.29186
607,JYOTI NAGAR,28.68940,77.29191
37,K.N.KATJU MARG,28.71946,77.13679
142,K.N.KATJU MARG,28.72557,77.12789
222,K.N.KATJU MARG,28.71874,77.12223
260,K.N.KATJU MARG,28.71889,77.13942
414,K.N.KATJU MARG,28.71196,77.11990
536,K.N.KATJU MARG,28.73050,77.13284
426,KALINDI KUNJ,28.53088,77.32272
515,KALINDI KUNJ,28.54391,77.31172
105,KALINDI KUNJ,28.528885,77.324088
122,KALINDI KUNJ,28.539332,77.312894
123,KALINDI KUNJ,28.521471,77.30891
131,KALINDI KUNJ,28.513463,77.334494
195,KALINDI KUNJ,28.530734,77.304568
206,KALINDI KUNJ,28.507681,77.312894
735,KALKAJI,28.54780,77.25517
31,KALKAJI,28.55412,77.26536
565,Kalkaji,28.549431,77.24866
624,Kalkaji,28.548783,77.259297
105,KALYAN PURI,28.58701,77.25916
164,KALYAN PURI,28.61277,77.31145
172,KALYAN PURI,28.62424,77.30928
206,KALYAN PURI,28.61936,77.31504
274,KALYAN PURI,28.59600,77.29541
321,KALYAN PURI,28.62775,77.31810
348,KALYAN PURI,28.61935,77.31964
5,KAMLA MARKET,28.64137,77.22354
152,KAMLA MARKET,28.64018,77.23105
341,KAMLA MARKET,28.63950,77.22343
468,KAMLA MARKET,28.64357,77.22796
25,KANJHAWALA,28.73774,77.00737
44,KANJHAWALA,28.77187,76.97238
88,KANJHAWALA,28.71646,77.00366
213,KANJHAWALA,28.69700,77.02760
265,KANJHAWALA,28.69399,76.99488
374,KANJHAWALA,28.72981,77.04267
378,KANJHAWALA,28.69423,77.02786
459,KANJHAWALA,28.70787,77.00125
530,KANJHAWALA,28.70352,76.98025
606,KANJHAWALA,28.73154,77.03271
647,KANJHAWALA,28.74083,77.00975
652,KANJHAWALA,28.71390,77.00331
759,KANJHAWALA,28.73844,77.04074
2,KAPASHERA,28.51901,77.07124
61,KAPASHERA,28.54106,77.07837
87,KAPASHERA,28.52736,77.03906
93,KAPASHERA,28.52210,77.07525
112,KAPASHERA,28.53704,77.06134
117,KAPASHERA,28.54008,77.02653
134,KAPASHERA,28.53764,77.06891
229,KAPASHERA,28.52885,77.06957
267,KAPASHERA,28.52902,77.07786
281,KAPASHERA,28.54193,77.07173
337,KAPASHERA,28.52298,77.08273
365,KAPASHERA,28.51776,77.08019
375,KAPASHERA,28.52768,77.07437
395,KAPASHERA,28.52450,77.09426
410,KAPASHERA,28.52985,77.08726
370,KAPASHERA,28.528561,77.070509
148,KARAWAL NAGAR,28.73335,77.26016
727,KARAWAL NAGAR,28.71686,77.26372
64,KAROL BAGH,28.64447,77.19227
516,KAROL BAGH,28.64363,77.18856
556,KAROL BAGH,28.64720,77.19447
570,Kashmere Gate,28.665899,77.222089
137,KASHMIRI GATE,28.66515,77.23535
184,KASHMIRI GATE,28.66736,77.22452
302,KASHMIRI GATE,28.66696,77.22954
486,KASHMIRI GATE,28.66394,77.23575
499,KASHMIRI GATE,28.66922,77.22781
89,KASHMIRI GATE,28.66235,77.23792
353,KASHMIRI GATE,28.66225,77.23807
534,KASHMIRI GATE,28.66209,77.24488
406,KASHMIRI GATE,28.66382,77.22148
646,KASHMIRI GATE,28.66308,77.23666
74,KESHAV PURAM,28.68186,77.14780
468,KESHAV PURAM,28.68185,77.16227
540,KESHAV PURAM,28.69999,77.15829
723,KESHAV PURAM,28.68936,77.15718
788,KESHAV PURAM,28.68238,77.16454
588,Keshav Puram,28.689363,77.157076
671,KhajuriKhas,28.703373,77.26393
602,KHAYALA,28.65256,77.10900
83,KHAZOORI,28.70601,77.25632
174,KHAZOORI,28.71586,77.25747
193,KHAZOORI,28.70466,77.25554
314,KHAZOORI,28.70261,77.27227
572,KHAZOORI,28.70276,77.27082
47,KIRTI NAGAR,28.63940,77.12927
404,KIRTI NAGAR,28.63953,77.12943
427,KIRTI NAGAR,28.63782,77.12983
128,KIRTI NAGAR,28.65891,77.14550
432,KIRTI NAGAR,28.65263,77.14244
256,KIRTI NAGAR,28.64661,77.12665
1,KISHAN GARH,28.55573,77.17598
45,KISHAN GARH,28.54685,77.19362
114,KISHAN GARH,28.54568,77.19792
231,KISHAN GARH,28.51700,77.16528
252,KISHAN GARH,28.51986,77.16237
335,KISHAN GARH,28.54877,77.18844
546,KISHAN GARH,28.55155,77.18240
561,KISHAN GARH,28.54675,77.19351
119,KOTLA MUBARAK PUR,28.56912,77.21233
419,KOTLA MUBARAK PUR,28.57981,77.22393
444,KOTLA MUBARAK PUR,28.56775,77.22556
412,KOTWALI,28.65137,77.25445
455,KOTWALI,28.65581,77.24485
465,KOTWALI,28.65826,77.24819
533,KOTWALI,28.65788,77.23708
541,KOTWALI,28.65796,77.24472
555,KOTWALI,28.65170,77.23768
586,KOTWALI,28.65331,77.23645
632,KOTWALI,28.65125,77.25452
853,KOTWALI,28.65668,77.23683
982,KOTWALI,28.65149,77.25888
147,KRISHNA NAGAR,28.66742,77.27758
455,KRISHNA NAGAR,28.66921,77.27863
724,KRISHNA NAGAR,28.66753,77.27716
752,Krishna Nagar,28.67085,77.280766
58,LAHORI GATE,28.64640,77.22355
111,LAHORI GATE,28.66323,77.21561
323,LAHORI GATE,28.65603,77.22284
396,LAHORI GATE,28.65649,77.22843
484,LAHORI GATE,28.65425,77.21898
572,LAHORI GATE,28.65704,77.21868
324,LAJPAT NAGAR,28.56546,77.23451
478,LAJPAT NAGAR,28.57597,77.25054
131,LODHI COLONY,28.58265,77.22007
152,LODHI COLONY,28.57802,77.22555
14,MADHU VIHAR,28.63322,77.31054
58,MADHU VIHAR,28.62934,77.30713
191,MADHU VIHAR,28.63583,77.30580
372,MadhuVihar,28.62666,77.30951
11,MAHENDRA PARK,28.73495,77.15358
105,MAHENDRA PARK,28.73477,77.15605
427,MAHENDRA PARK,28.73512,77.15603
1189,MAHENDRA PARK,28.73448,77.15629
6,MAHENDRA PARK,28.72160,77.16614
44,MAHENDRA PARK,28.73392,77.15500
71,MAHENDRA PARK,28.73392,77.15858
83,MAHENDRA PARK,28.73392,77.15858
569,MAHENDRA PARK,28.71462,77.17701
723,MAHENDRA PARK,28.70450,77.16504
820,MAHENDRA PARK,28.72685,77.16213
1132,MAHENDRA PARK,28.72058,77.16686
1347,MAHENDRA PARK,28.74056,77.15385
1497,MAHENDRA PARK,28.73053,77.15918
1585,MAHENDRA PARK,28.72698,77.17233
78,MANDIR MARG,28.63323,77.17422
6,MANDIR MARG,28.62748,77.20797
8,MANDIR MARG,28.63410,77.18919
112,MANDIR MARG,28.63080,77.20537
113,MANDIR MARG,28.62748,77.20797
117,MANDIR MARG,28.63413,77.20052
136,MANDIR MARG,28.63964,77.20801
140,MANDIR MARG,28.60907,77.17256
146,MANDIR MARG,28.63904,77.20874
149,MANDIR MARG,28.64460,77.19723
164,MANDIR MARG,28.63242,77.20137
105,MANGOL PURI,28.68838,77.09549
234,MANGOL PURI,28.68046,77.08764
235,MANGOL PURI,28.69299,77.10094
346,MANGOL PURI,28.69032,77.09688
802,MANGOL PURI,28.67965,77.09204
967,MANGOL PURI,28.69292,77.10057
1315,MANGOL PURI,28.67971,77.09414
1439,MANGOL PURI,28.68923,77.09633
1415,MangolPuri,28.698645,77.096595
1194,MangolPuri,28.703275,77.088679
1202,MangolPuri,28.692432,77.088399
135,MANSAROVER PARK,28.67608,77.29326
485,MANSAROVER PARK,28.68955,77.29934
52,MAURICE NAGAR,28.68490,77.21645
183,MAURICE NAGAR,28.69716,77.20952
184,MAURICE NAGAR,28.68500,77.21375
354,MAURYA ENCLAVE,28.70751,77.13667
372,MAURYA ENCLAVE,28.71393,77.13874
413,MAURYA ENCLAVE,28.70594,77.12822
468,MAURYA ENCLAVE,28.70375,77.13082
629,MAURYA ENCLAVE,28.72143,77.14076
674,MAURYA ENCLAVE,28.71959,77.14025
778,MAURYA ENCLAVE,28.71697,77.13727
912,MAURYA ENCLAVE,28.71213,77.13797
1173,MAURYA ENCLAVE,28.70914,77.13566
1233,MAURYA ENCLAVE,28.70875,77.13523
121,MAYA PURI,28.62466,77.11924
245,MAYA PURI,28.62701,77.12288
362,MAYA PURI,28.62779,77.12202
374,MAYA PURI,28.62313,77.11792
412,MAYA PURI,28.62880,77.12203
428,MAYA PURI,28.63554,77.12806
540,MAYA PURI,28.61211,77.10429
81,MAYUR VIHAR,28.59576,77.30347
183,MAYUR VIHAR,28.59636,77.29290
347,MAYUR VIHAR,28.60653,77.30987
407,MAYUR VIHAR,28.60178,77.30288
422,MAYUR VIHAR,28.61324,77.28343
467,MAYUR VIHAR,28.58452,77.29393
785,MAYUR VIHAR,28.59526,77.29308
817,MAYUR VIHAR,28.60255,77.31319
3,MEHRAULI,28.50935,77.17954
138,MEHRAULI,28.50396,77.17230
357,MEHRAULI,28.53648,77.10201
377,MEHRAULI,28.51183,77.18410
422,MEHRAULI,28.50414,77.17608
485,MEHRAULI,28.50553,77.17132
632,MEHRAULI,28.50088,77.18153
730,MEHRAULI,28.48394,77.16039
190,MEHRAULI,28.52285,77.18986
406,MEHRAULI,28.49948,77.18497
1,MODEL TOWN,28.71191,77.19091
257,MODEL TOWN,28.69926,77.18496
91,MOHAN GARDEN,28.62024,77.04141
159,MOHAN GARDEN,28.62019,77.04548
80,MOTI NAGAR,28.66999,77.16161
85,MOTI NAGAR,28.66922,77.16381
129,MOTI NAGAR,28.66631,77.17059
434,MOTI NAGAR,28.65610,77.15093
330,MOTI NAGAR,28.65315,77.13279
336,MOTI NAGAR,28.66816,77.13636
473,MOTI NAGAR,28.65975,77.14076
499,MOTI NAGAR,28.65276,77.13185
613,MOTI NAGAR,28.66677,77.16919
629,MOTI NAGAR,28.65518,77.15223
688,MOTI NAGAR,28.66781,77.16684
735,MOTI NAGAR,28.66486,77.14806
323,MUKHERJI NAGAR,28.72590,77.19789
545,MUKHERJI NAGAR,28.70215,77.19520
556,MUKHERJI NAGAR,28.70400,77.21106
715,MUNDKA,28.68514,76.99600
1002,MUNDKA,28.68512,77.00077
1068,MUNDKA,28.68234,77.02974
1082,MUNDKA,28.68401,77.03780
1093,MUNDKA,28.63247,77.08494
1129,MUNDKA,28.66356,77.01131
1131,MUNDKA,28.68294,77.02316
145,Mundka,28.686976,76.975117
204,Mundka,28.685187,76.997294
356,Mundka,28.685577,76.992657
358,Mundka,28.683865,77.010527
579,Mundka,28.682095,76.96687
632,Mundka,28.671734,76.96069
682,Mundka,,
714,Mundka,28.684917,76.999224
756,Mundka,28.68341,77.015788
843,Mundka,28.688098,76.964026
935,Mundka,28.685742,76.988862
952,Mundka,28.683028,77.020479
957,Mundka,28.682298,77.031778
87,NABI KARIM,28.65440,77.21703
124,NABI KARIM,28.65523,77.21595
159,NAJAFGARH,28.62019,77.04548
167,NAJAFGARH,28.61720,77.00405
185,NAJAFGARH,28.61421,76.97491
222,NAJAFGARH,28.60962,77.00397
228,NAJAFGARH,28.61573,76.98372
276,NAJAFGARH,28.61076,76.98054
327,NAJAFGARH,28.61165,76.97810
386,NAJAFGARH,28.61168,76.97886
497,NAJAFGARH,28.61235,76.98769
561,NAJAFGARH,28.60735,76.98581
566,NAJAFGARH,28.61602,76.98373
599,NAJAFGARH,28.61549,76.98242
589,NAJAFGARH,28.619964,77.018028
92,NAND NAGRI,28.69894,77.30609
130,NAND NAGRI,28.69438,77.30885
227,NAND NAGRI,28.69798,77.31339
448,NAND NAGRI,28.69230,77.31640
517,NAND NAGRI,28.69762,77.31612
619,NAND NAGRI,28.69779,77.31765
656,NAND NAGRI,28.69794,77.31133
633,NANGLOI,28.68187,77.07290
702,NANGLOI,28.68217,77.06020
744,NANGLOI,28.68229,77.04549
786,NANGLOI,28.68476,77.04671
789,NANGLOI,28.68218,77.04470
122,Nangloi,28.682276,77.045145
132,Nangloi,28.676834,77.063132
389,Nangloi,28.68209,77.063993
435,Nangloi,28.682101,77.070204
500,NARAINA,28.60771,77.14090
502,NARAINA,28.64056,77.14468
599,NARAINA,28.61456,77.13624
628,NARAINA,28.62185,77.13599
576,Naraina,28.610695,77.138518
30,Naraina,28.626615,77.134102
293,NARAINA,28.621574,77.136199
453,Naraina,28.608622,77.140539
23,NARELA (IND. AREA),28.83337,77.10883
93,NARELA (IND. AREA),28.69306,77.06739
104,NARELA (IND. AREA),28.77027,77.12638
117,NARELA (IND. AREA),28.77059,77.10889
133,NARELA (IND. AREA),28.82529,77.08346
283,NARELA (IND. AREA),28.84048,77.10078
301,NARELA (IND. AREA),28.84154,77.11194
359,NARELA (IND. AREA),28.84157,77.12683
487,NARELA (IND. AREA),28.81772,77.10257
53,NARELA (IND. AREA),28.85838,77.08770
60,NARELA (IND. AREA),28.81981,77.06372
130,NARELA (IND. AREA),28.81811,77.06374
170,NARELA (IND. AREA),28.84379,77.08944
657,NARELA (IND. AREA),28.82098,77.06541
708,NARELA (IND. AREA),28.80466,77.11105
953,NARELA (IND. AREA),28.83880,77.10230
515,NARELA (IND. AREA),28.83027,77.09822
520,NARELA (IND. AREA),28.79615,77.05925
623,NARELA (IND. AREA),28.820934,77.065303
9,NARELA (OLD IND. AREA),28.85756,77.10541
21,NARELA (OLD IND. AREA),28.84592,77.10152
31,NARELA (OLD IND. AREA),28.85068,77.08768
64,NARELA (OLD IND. AREA),28.84001,77.09601
337,NARELA (OLD IND. AREA),28.82860,77.07284
393,NARELA (OLD IND. AREA),28.82940,77.04846
424,NARELA (OLD IND. AREA),28.83376,77.07736
432,NARELA (OLD IND. AREA),28.55395,76.97300
489,NARELA (OLD IND. AREA),28.83234,77.07740
492,NARELA (OLD IND. AREA),28.85493,77.08917
503,NARELA (OLD IND. AREA),28.83598,77.07937
519,NARELA (OLD IND. AREA),28.84007,77.10226
522,NARELA (OLD IND. AREA),28.84436,77.08247
228,NEB SARAI,28.50945,77.21906
213,Neb Sarai,28.502845,77.23109
14,NEW ASHOK NAGAR,28.58904,77.30203
20,NEW ASHOK NAGAR,28.59810,77.31956
25,NEW ASHOK NAGAR,28.61347,77.32532
71,NEW ASHOK NAGAR,28.61023,77.33839
198,NEW ASHOK NAGAR,28.58920,77.30110
241,NEW ASHOK NAGAR,28.61475,77.32059
417,NEW ASHOK NAGAR,28.60111,77.32670
287,New Friends Colonv,28.558221,77.268766
298,New Friends Colonv,28.560031,77.267521
341,NEW FRIENDS COLONY,28.55742,77.26949
353,NEW FRIENDS COLONY,28.55887,77.27183
406,NEW FRIENDS COLONY,28.55465,77.27169
146,NEW USHMAN PUR,28.67803,77.25800
419,NEW USHMAN PUR,28.67753,77.25789
90,NIHAL VIHAR,28.65765,77.06022
1443,NIHAL VIHAR,28.66345,77.07155
2,NihalVihar,28.662461,77.050166
10,NihalVihar,28.651158,77.071924
1159,NihalVihar,28.673977,77.060495
5,NORTH AVENUE,28.62530,77.20289
22,NORTH AVENUE,28.62480,77.20170
58,NORTH AVENUE,28.62480,77.20170
60,NORTH AVENUE,28.62480,77.20170
105,OKHLA,28.52462,77.27907
162,OKHLA,28.54914,77.26087
564,OKHLA,28.54863,77.25016
668,OKHLA,28.54054,77.27506
803,OKHLA,28.52780,77.27218
68,Okhla Ind. Area,28.528179,77.271892
95,Okhla Ind. Area,28.523807,77.279876
104,Okhla Ind. Area,28.521392,77.279876
383,PAHAR GANJ,28.65386,77.21122
465,PAHAR GANJ,28.65400,77.21638
452,Palam Village,28.589673,77.076026
9,PANDAV NAGAR,28.55054,77.21056
274,PANDAV NAGAR,28.61456,77.28225
637,PANDAV NAGAR,28.57378,77.25726
662,PANDAV NAGAR,28.61393,77.28289
667,PANDAV NAGAR,28.61287,77.29767
24,PANDAV NAGAR,28.60976,77.29577
301,PANDAV NAGAR,28.61265,77.30659
550,PANDAV NAGAR,28.61275,77.28359
1115,PASCHIM VIHAR (EAST),28.67913,77.09769
1124,PASCHIM VIHAR (EAST),28.66047,77.09195
450,PASCHIM VIHAR (WEST),28.66338,77.07858
878,PASCHIM VIHAR (WEST),28.66173,77.08337
943,PASCHIM VIHAR (WEST),28.65401,77.08859
973,PASCHIM VIHAR (WEST),28.68145,77.07867
976,PASCHIM VIHAR (WEST),28.67054,77.08062
982,PASCHIM VIHAR (WEST),28.68085,77.08442
981,PASCHIM VIHAR (WEST),28.67530,77.09397
1009,PASCHIM VIHAR (WEST),28.66981,77.08733
1054,PASCHIM VIHAR (WEST),28.67990,77.09191
1074,PaschimVihar (East),28.65001,77.08543
18,PaschimVihar (East),28.679701,77.094639
463,PaschimVihar (East),28.678711,77.102812
500,PaschimVihar (East),28.662838,77.096412
522,PaschimVihar (East),28.673313,77.096695
887,PaschimVihar (East),28.656161,77.089982
939,PaschimVihar (East),28.677076,77.09428
1000,PaschimVihar (East),28.677528,77.110047
94,PaschimVihar (West),28.679934,77.091836
436,PaschimVihar (West),28.68114,77.081184
828,PaschimVihar (West),28.669155,77.092972
9,Patel Nagar,28.65594,77.156505
63,PATPARGANJ IND. AREA,28.64729,77.31514
163,PATPARGANJ IND. AREA,28.64202,77.31593
171,PATPARGANJ IND. AREA,28.64027,77.31707
194,PATPARGANJ IND. AREA,28.64226,77.31608
303,PATPARGANJ IND. AREA,28.64557,77.31477
348,PATPARGANJ IND. AREA,28.62967,77.32482
418,PATPARGANJ IND. AREA,28.62512,77.31066
433,PATPARGANJ IND. AREA,28.65428,77.31953
503,PATPARGANJ IND. AREA,28.62396,77.31839
485,PATPARGANJ IND. AREA,28.63270,77.32391
86,PRASHANT VIHAR,28.72324,77.11774
471,PRASHANT VIHAR,28.71661,77.11419
543,PRASHANT VIHAR,28.68812,77.04562
616,PRASHANT VIHAR,28.71908,77.13419
208,PREET VIHAR,28.64348,77.28653
275,PREET VIHAR,28.63988,77.29330
328,PREET VIHAR,28.64386,77.29892
452,PREET VIHAR,28.63703,77.28524
81,PREM NAGAR,28.73917,76.98466
117,PREM NAGAR,28.69780,77.04952
510,PREM NAGAR,28.68707,77.05099
756,PREM NAGAR,28.69151,77.06159
6,PUL PRAHLAD PUR,28.50814,77.26908
392,PUL PRAHLAD PUR,28.55702,77.26968
405,PUL PRAHLAD PUR,28.50040,77.31631
431,PUL PRAHLAD PUR,28.50789,77.28511
461,PUL PRAHLAD PUR,28.51651,77.29557
502,PUL PRAHLAD PUR,28.50501,77.27777
516,PUL PRAHLAD PUR,28.49895,77.29553
20,PUL PRAHLAD PUR,28.50783,77.27055
218,PUL PRAHLAD PUR,28.50482,77.27790
352,PUL PRAHLAD PUR,28.50522,77.25977
370,PUL PRAHLAD PUR,28.50506,77.27765
508,PulPrahladPur,28.501075,77.29334
910,PUNJABI BAGH,28.67222,77.12444
911,PUNJABI BAGH,28.67270,77.13973
915,PUNJABI BAGH,28.66168,77.12939
957,PUNJABI BAGH,28.67388,77.13813
972,PUNJABI BAGH,28.66873,77.13685
990,PUNJABI BAGH,28.66717,77.117436
10,PUNJABI BAGH,28.676019,77.140924
13,PUNJABI BAGH,28.676556,77.11886
17,PUNJABI BAGH,28.672788,77.146544
25,PUNJABI BAGH,28.671541,77.156057
56,PUNJABI BAGH,28.673739,77.140258
79,PUNJABI BAGH,28.673746,77.140238
92,PUNJABI BAGH,28.666617,77.122558
131,PUNJABI BAGH,28.674907,77.129149
155,PUNJABI BAGH,28.673752,77.140292
164,PUNJABI BAGH,28.67412,77.136238
206,PUNJABI BAGH,28.677415,77.112254
250,PUNJABI BAGH,28.673788,77.139859
298,PUNJABI BAGH,,
501,PUNJABI BAGH,28.676294,77.118664
533,PUNJABI BAGH,28.673644,77.140148
581,PUNJABI BAGH,28.676611,77.118799
788,PUNJABI BAGH,28.669956,77.14144
796,PUNJABI BAGH,28.666515,77.123134
803,PUNJABI BAGH,28.676389,77.120117
836,PUNJABI BAGH,28.670171,77.128447
879,PUNJABI BAGH,28.671369,77.156311
210,R.K. PURAM,28.56994,77.18506
26,R.K. PURAM,28.57783,77.17651
389,R.K. PURAM,28.57579,77.17768
3,RAJ PARK,28.69093,77.07130
574,RAJ PARK,28.65310,77.12398
629,RAJ PARK,28.68904,77.07148
429,RAJ PARK,28.82488,76.97160
455,RAJ PARK,28.68983,77.07136
34,RAJENDER NAGAR,28.63543,77.18567
896,RAJOURI GARDEN,28.64657,77.11740
1033,RAJOURI GARDEN,28.64500,77.12707
1069,RAJOURI GARDEN,28.65382,77.10810
33,RAJOURI GARDEN,28.649861,77.125163
55,RAJOURI GARDEN,28.649283,77.125485
348,RAJOURI GARDEN,28.641566,77.10755
368,RAJOURI GARDEN,28.647296,77.118248
489,RAJOURI GARDEN,28.633387,77.131616
563,RAJOURI GARDEN,28.641386,77.107061
689,RAJOURI GARDEN,28.657652,77.127676
737,RAJOURI GARDEN,28.658825,77.128887
752,RAJOURI GARDEN,28.653198,77.132847
704,RANHOLA,28.65177,77.04126
796,RANHOLA,28.64364,77.01668
230,RANHOLA,,
113,Ranhola,28.636157,77.030358
133,RANHOLA,,
1,RANI BAGH,28.69473,77.12824
490,RANI BAGH,28.68368,77.13096
617,RANI BAGH,28.70326,77.13031
684,RANI BAGH,28.68432,77.12398
30,RANI BAGH,28.70037,77.12538
94,RANI BAGH,28.69939,77.12314
1107,RANI BAGH,28.69782,77.10036
523,RANJIT NAGAR,28.64973,77.15967
32,Ranjit Nagar,28.655722,77.151615
68,Ranjit Nagar,28.652323,77.157179
284,ROHINI NORTH,28.69575,77.10987
332,ROHINI NORTH,28.71195,77.11946
144,ROHINI SOUTH,28.70462,77.11307
384,ROHINI SOUTH,28.70228,77.09720
223,SABZI MANDI,28.66708,77.21566
295,SABZI MANDI,28.66586,77.20909
210,SAFDARJUNG ENCLAVE,28.57010,77.18569
235,SAFDARJUNG ENCLAVE,28.56949,77.20515
381,SAFDARJUNG ENCLAVE,28.56968,77.18828
80,Sagar Pur,28.608298,77.097335
35,SAKET,28.51635,77.22274
49,SAKET,28.52370,77.19421
70,SAKET,28.52785,77.22756
71,SAKET,28.52120,77.20294
156,SAKET,28.53308,77.23172
241,SAKET,28.52837,77.21504
248,SAKET,28.52085,77.20127
308,SAKET,28.52281,77.21658
377,SAKET,28.51419,77.23278
381,SAKET,28.51896,77.20971
110,SAKET,28.53068,77.22067
6,SAMAY PUR BADLI,28.85236,77.12569
54,SAMAY PUR BADLI,28.77172,77.14362
145,SAMAY PUR BADLI,28.76518,77.14551
247,SAMAY PUR BADLI,28.75285,77.14955
302,SAMAY PUR BADLI,28.75827,77.14825
357,SAMAY PUR BADLI,28.73970,77.15093
502,SAMAY PUR BADLI,28.75286,77.14953
298,SAMAY PUR BADLI,28.74531,77.13702
2,SAMAY PUR BADLI,28.74479,77.13186
48,SAMAY PUR BADLI,28.73840,77.13634
121,SAMAY PUR BADLI,28.70590,77.12860
475,SAMAY PUR BADLI,28.75517,77.14214
773,SAMAY PUR BADLI,28.74689,77.13281
779,SAMAY PUR BADLI,28.75286,77.14397
892,SAMAY PUR BADLI,28.73232,77.15165
929,SAMAY PUR BADLI,28.78129,77.14158
393,SARAI ROHILA,28.65242,77.15716
150,Sarai Rohilla,28.668765,77.165111
484,Sarai Rohilla,28.665961,77.172604
596,Sarai Rohilla,28.680075,77.185622
16,SARASWATI VIHAR(SUBHASH PLACE),28.69676,77.10779
31,SARASWATI VIHAR(SUBHASH PLACE),28.70022,77.15854
90,SARASWATI VIHAR(SUBHASH PLACE),28.68642,77.15107
552,SARASWATI VIHAR(SUBHASH PLACE),28.70022,77.15854
721,SARASWATI VIHAR(SUBHASH PLACE),28.68326,77.14633
397,SARASWATI VIHAR(SUBHASH PLACE),28.70270,77.12932
790,SARASWATI VIHAR(SUBHASH PLACE),28.69888,77.13859
890,SARASWATI VIHAR(SUBHASH PLACE),28.68339,77.13680
988,SARASWATI VIHAR(SUBHASH PLACE),28.69810,77.14042
167,SARITA VIHAR,28.49762,77.30241
214,SARITA VIHAR,28.49803,77.30130
253,SARITA VIHAR,28.49165,77.30359
321,SARITA VIHAR,28.53729,77.28454
286,SARITA VIHAR,28.53594,77.29640
428,SARITA VIHAR,28.53595,77.29280
403,Sarita Vihar,28.539613,77.293991
68,SEELAM PUR,28.67681,77.26377
218,SEELAM PUR,28.67122,77.26741
293,SEELAM PUR,28.67382,77.27018
351,SEELAM PUR,28.67378,77.27011
76,SEEMA PURI,28.67635,77.31846
196,SEEMA PURI,28.67337,77.28011
207,SEEMA PURI,28.67986,77.32525
211,SEEMA PURI,28.68122,77.32839
257,SEEMA PURI,28.68003,77.32534
553,SEEMA PURI,28.68493,77.33153
661,SEEMA PURI,28.69113,77.32772
715,SEEMA PURI,28.67298,77.24505
772,SEEMA PURI,28.68687,77.32455
67,SHAHBAD DAIRY,28.74673,77.09550
123,SHAHBAD DAIRY,28.77154,77.09189
326,SHAHBAD DAIRY,28.76088,77.05937
369,SHAHBAD DAIRY,28.76274,77.09018
386,SHAHBAD DAIRY,28.74777,77.08973
496,SHAHBAD DAIRY,28.74543,77.10984
540,SHAHBAD DAIRY,28.76034,77.06067
22,SHAHBAD DAIRY,28.73517,77.10766
585,SHAHBAD DAIRY,28.76206,77.09759
646,SHAHBAD DAIRY,28.72722,77.11432
159,SHAHDARA,28.67478,77.28800
396,SHAHDARA,28.67419,77.28234
322,Shahdara,28.673784,77.283983
212,SHAHEEN BAGH,28.54510,77.30586
194,SHAHEEN BAGH,28.54595,77.30000
326,SHAHEEN BAGH,28.56129,77.29576
159,SHAKAR PUR (NEW),28.63384,77.28219
342,SHAKAR PUR (NEW),28.61676,77.28776
487,SHAKAR PUR (NEW),28.62479,77.27537
130,SHALIMAR BAGH,28.70556,77.17212
415,SHALIMAR BAGH,28.69001,77.15047
27,SHALIMAR BAGH,28.73074,77.14966
85,SHALIMAR BAGH,28.71147,77.15191
98,SHALIMAR BAGH,28.72602,77.14312
190,SHALIMAR BAGH,28.70986,77.16918
197,SHALIMAR BAGH,28.72822,77.15336
372,SHALIMAR BAGH,28.70467,77.13163
558,SHALIMAR BAGH,28.70001,77.12343
756,SHALIMAR BAGH,28.70016,77.15789
781,SHALIMAR BAGH,28.73026,77.14874
807,SHALIMAR BAGH,28.72836,77.14596
133,SHALIMAR BAGH,28.72286,77.15141
60,SHASTRI PARK,28.66638,77.25268
218,SHASTRI PARK,28.70568,77.23308
560,SHASTRI PARK,28.70442,77.24361
3,SHASTRI PARK,28.67128,77.26888
10,SHASTRI PARK,28.66710,77.25450
76,SHASTRI PARK,28.67193,77.25931
81,SHASTRI PARK,28.67339,77.25071
106,SHASTRI PARK,28.67750,77.26135
123,SHASTRI PARK,28.68756,77.26331
177,SHASTRI PARK,28.66835,77.25925
254,SHASTRI PARK,28.68640,77.25783
391,SHASTRI PARK,28.67231,77.25745
392,SHASTRI PARK,28.67208,77.25967
462,SHASTRI PARK,28.67128,77.26923
551,SHASTRI PARK,28.67152,77.26945
554,SHASTRI PARK,28.68651,77.25730
726,SHASTRI PARK,28.67367,77.24698
757,SHASTRI PARK,28.67256,77.25646
776,SHASTRI PARK,28.68682,77.25524
3,SONIA VIHAR,28.71692,77.24285
55,SONIA VIHAR,28.72454,77.24107
263,SONIA VIHAR,28.73775,77.23500
10,SOUTH AVENUE,28.60537,77.20030
174,South Campus,28.576283,77.1773
105,SULTAN PURI,28.71733,77.07654
1057,SULTAN PURI,28.70877,77.08076
1204,SULTAN PURI,28.69814,77.07970
1375,SULTAN PURI,28.70868,77.08180
822,SULTAN PURI,28.69270,77.07261
340,SUNLIGHT COLONY,28.59052,77.26059
6,SUNLIGHT COLONY,28.57289,77.25844
24,SUNLIGHT COLONY,28.58141,77.27256
45,SUNLIGHT COLONY,28.60209,77.25449
79,SUNLIGHT COLONY,28.58050,77.26972
91,SUNLIGHT COLONY,28.58273,77.26468
190,SUNLIGHT COLONY,28.60051,77.26152
325,SUNLIGHT COLONY,28.60119,77.25457
362,SUNLIGHT COLONY,28.58048,77.26965
410,SUNLIGHT COLONY,28.60114,77.25455
411,SUNLIGHT COLONY,28.62134,77.24829
420,SUNLIGHT COLONY,28.59886,77.25536
454,SUNLIGHT COLONY,28.58701,77.25921
487,SUNLIGHT COLONY,28.65152,77.26488
496,SUNLIGHT COLONY,28.59267,77.25763
547,SUNLIGHT COLONY,28.58119,77.26958
340,SUNLIGHT COLONY,28.60064,77.26186
8,SWAROOP NAGAR,28.75819,77.14782
77,SWAROOP NAGAR,28.75400,77.15570
116,SWAROOP NAGAR,28.75852,77.14791
129,SWAROOP NAGAR,28.77415,77.14305
339,SWAROOP NAGAR,28.77232,77.15999
378,SWAROOP NAGAR,28.75862,77.14788
379,SWAROOP NAGAR,28.76516,77.14550
465,SWAROOP NAGAR,28.75283,77.14944
521,SWAROOP NAGAR,28.75541,77.15937
539,SWAROOP NAGAR,28.75566,77.16156
392,TIGRI,28.50548,77.23192
432,TIGRI,28.50926,77.23243
12,TILAK MARG,28.61069,77.23396
62,TILAK MARG,28.60972,77.23297
115,TILAK MARG,28.61847,77.24908
125,TILAK MARG,28.60950,77.23132
144,TILAK MARG,28.61770,77.24040
150,TILAK MARG,28.60810,77.22765
157,TILAK MARG,28.61945,77.23597
169,TILAK MARG,28.61495,77.22783
89,TILAK NAGAR,28.63678,77.09618
121,TILAK NAGAR,28.64566,77.08950
155,TILAK NAGAR,28.65188,77.10409
486,TILAK NAGAR,28.62976,77.07815
814,TILAK NAGAR,28.63698,77.09680
472,Tilak Nagar,28.64359,77.106886
55,TIMAR PUR,28.70496,77.22311
79,TIMAR PUR,28.70087,77.21866
240,TIMAR PUR,28.70420,77.21961
267,TIMAR PUR,28.70347,77.22735
279,TIMAR PUR,28.70347,77.22735
291,TIMAR PUR,28.70869,77.22730
302,TIMAR PUR,28.71210,77.23022
310,TIMAR PUR,28.70718,77.22243
327,TIMAR PUR,28.70279,77.22742
409,TIMAR PUR,28.71156,77.22662
72,TUGLAK ROAD,28.59968,77.23916
73,TUGLAK ROAD,28.59422,77.21538
88,UTTAM NAGAR,28.63266,77.06103
462,UTTAM NAGAR,28.62317,77.06139
661,UTTAM NAGAR,28.63292,77.06171
683,UTTAM NAGAR,28.63266,77.06116
764,UTTAM NAGAR,28.61983,77.05279
775,UTTAM NAGAR,28.63382,77.05401
878,UTTAM NAGAR,28.62148,77.05399
591,Vasant Kunj (South),28.537534,77.138664
191,VASANT KUNJ NORTH,28.54852,77.12574
334,VASANT KUNJ NORTH,28.54709,77.12427
347,VASANT KUNJ NORTH,28.55431,77.13218
302,VASANT KUNJ NORTH,28.52052,77.16341
426,VASANT KUNJ NORTH,28.55527,77.13199
115,VASANT KUNJ SOUTH,28.54444,77.12049
381,VASANT KUNJ SOUTH,28.54529,77.12111
387,VASANT KUNJ SOUTH,28.53572,77.11257
85,VASANT KUNJ SOUTH,28.53688,77.13515
157,VASANT KUNJ SOUTH,28.53775,77.13795
163,VASANT KUNJ SOUTH,28.53406,77.14240
373,VASANT KUNJ SOUTH,28.54053,77.12975
377,VASANT KUNJ SOUTH,28.52756,77.14684
73,VASANT KUNJ SOUTH,28.52853,77.10325
121,VASANT KUNJ SOUTH,28.52865,77.10332
239,VASANT KUNJ SOUTH,28.52031,77.09736
288,VASANT KUNJ SOUTH,28.51450,77.09350
376,VASANT KUNJ SOUTH,28.53578,77.11266
586,VASANT KUNJ SOUTH,28.52150,77.09846
616,VASANT KUNJ SOUTH,28.53689,77.11445
662,VASANT KUNJ SOUTH,28.53819,77.09243
37,VASANT VIHAR,28.56519,77.16374
204,VASANT VIHAR,28.55709,77.16377
326,VIJAY VIHAR,28.71758,77.09508
49,VIKAS PURI,28.63168,77.08239
54,VIKAS PURI,28.65110,77.07192
94,VIKAS PURI,28.63908,77.06113
125,VIKAS PURI,28.62787,77.07357
209,VIKAS PURI,28.62800,77.07385
388,VIKAS PURI,28.62893,77.07663
402,VIKAS PURI,28.62665,77.07031
415,VIKAS PURI,28.65191,77.08900
543,VIKAS PURI,28.64610,77.07930
585,VIKAS PURI,28.64469,77.06993
588,VIKAS PURI,28.63871,77.06109
626,VIKAS PURI,28.65192,77.08962
628,VIKAS PURI,28.64288,77.06777
660,VIKAS PURI,28.65264,77.08803
684,VIKAS PURI,28.63156,77.08245
774,VIKAS PURI,28.63174,77.06866
777,VIKAS PURI,28.63255,77.07585
612,VikasPuri,28.649408,77.08525
13,VIVEK VIHAR,28.66963,77.32247
66,VIVEK VIHAR,28.66556,77.30325
81,VIVEK VIHAR,28.66851,77.25078
108,VIVEK VIHAR,28.65940,77.31955
251,VIVEK VIHAR,28.66417,77.32041
331,VIVEK VIHAR,28.66712,77.31783
670,VIVEK VIHAR,28.68477,77.32589
421,VIVEK VIHAR,28.67611,77.31542
30,WAZIRABAD,28.71133,77.22662
521,WAZIRABAD,28.72113,77.21850
540,WAZIRABAD,28.73048,77.19841
646,WAZIRABAD,28.72099,77.21553
812,WAZIRABAD,28.72251,77.21483
818,WAZIRABAD,28.72060,77.22048
819,WAZIRABAD,28.72321,77.21697
824,WAZIRABAD,28.73848,77.21865
882,WAZIRABAD,28.72713,77.20326
834,Wazirabad,28.72822,77.19988
278,WELCOME COLONY,28.69152,77.27911
68,WELCOME COLONY,28.67246,77.27617
204,WELCOME COLONY,28.67332,77.28190
677,ZAFRABAD,28.67875,77.27293
